agent,episode,steps
dynaq,0,10818
dynaq+,0,18128
dynaq,1,12488
dynaq+,1,15777
dynaq,2,6116
dynaq+,2,17134
dynaq,3,78294
dynaq+,3,20021
dynaq,4,7560
dynaq+,4,63036
dynaq,5,56529
dynaq+,5,7823
dynaq,6,8199
dynaq+,6,26587
dynaq,7,10137
dynaq+,7,5107
dynaq,8,1931
dynaq+,8,1232
dynaq,9,6825
dynaq+,9,26225
dynaq,10,529
dynaq+,10,5383
dynaq,11,12873
dynaq+,11,27811
dynaq,12,11054
dynaq+,12,11946
dynaq,13,6604
dynaq+,13,10219
dynaq,14,11267
dynaq+,14,2125
dynaq,15,23619
dynaq+,15,5790
dynaq,16,5061
dynaq+,16,33654
dynaq,17,8794
dynaq+,17,2793
dynaq,18,13035
dynaq+,18,534
dynaq,19,706
dynaq+,19,5102
dynaq,20,3287
dynaq+,20,2058
dynaq,21,7278
dynaq+,21,9154
dynaq,22,12774
dynaq+,22,13698
dynaq,23,7472
dynaq+,23,3227
dynaq,24,3550
dynaq+,24,1626
dynaq,25,14244
dynaq+,25,6269
dynaq,26,5153
dynaq+,26,4043
dynaq,27,24533
dynaq+,27,1657
dynaq,28,3987
dynaq+,28,15284
dynaq,29,16812
dynaq+,29,23885
dynaq,30,15143
dynaq+,30,3926
dynaq,31,1800
dynaq+,31,2041
dynaq,32,20665
dynaq+,32,8180
dynaq,33,5526
dynaq+,33,5419
dynaq,34,582
dynaq+,34,1143
dynaq,35,555
dynaq+,35,13685
dynaq,36,387
dynaq+,36,671
dynaq,37,6774
dynaq+,37,11782
dynaq,38,13421
dynaq+,38,7934
dynaq,39,608
dynaq+,39,2302
dynaq,40,17798
dynaq+,40,6521
dynaq,41,262
dynaq+,41,1616
dynaq,42,11118
dynaq+,42,1808
dynaq,43,9581
dynaq+,43,932
dynaq,44,2807
dynaq+,44,11131
dynaq,45,6434
dynaq+,45,15657
dynaq,46,10117
dynaq+,46,7473
dynaq,47,12506
dynaq+,47,2060
dynaq,48,1295
dynaq+,48,16415
dynaq,49,12083
dynaq+,49,8675
dynaq,50,5693
dynaq+,50,26801
dynaq,51,10155
dynaq+,51,5069
dynaq,52,1965
dynaq+,52,1949
dynaq,53,4279
dynaq+,53,8035
dynaq,54,1568
dynaq+,54,3157
dynaq,55,2417
dynaq+,55,5228
dynaq,56,10866
dynaq+,56,8110
dynaq,57,5194
dynaq+,57,29775
dynaq,58,5605
dynaq+,58,1577
dynaq,59,7149
dynaq+,59,7863
dynaq,60,13159
dynaq+,60,6005
dynaq,61,1434
dynaq+,61,19977
dynaq,62,2985
dynaq+,62,4228
dynaq,63,18386
dynaq+,63,8295
dynaq,64,612
dynaq+,64,1885
dynaq,65,1001
dynaq+,65,526
dynaq,66,19346
dynaq+,66,2422
dynaq,67,10522
dynaq+,67,3959
dynaq,68,396
dynaq+,68,8980
dynaq,69,4006
dynaq+,69,5250
dynaq,70,12566
dynaq+,70,683
dynaq,71,2198
dynaq+,71,4028
dynaq,72,975
dynaq+,72,3281
dynaq,73,2388
dynaq+,73,708
dynaq,74,630
dynaq+,74,672
dynaq,75,629
dynaq+,75,7292
dynaq,76,8745
dynaq+,76,331
dynaq,77,4101
dynaq+,77,3098
dynaq,78,14356
dynaq+,78,711
dynaq,79,6236
dynaq+,79,3373
dynaq,80,1901
dynaq+,80,7678
dynaq,81,453
dynaq+,81,612
dynaq,82,217
dynaq+,82,3875
dynaq,83,14309
dynaq+,83,4239
dynaq,84,3556
dynaq+,84,2921
dynaq,85,2140
dynaq+,85,7605
dynaq,86,5740
dynaq+,86,354
dynaq,87,5413
dynaq+,87,12421
dynaq,88,1278
dynaq+,88,2140
dynaq,89,337
dynaq+,89,640
dynaq,90,8369
dynaq+,90,10644
dynaq,91,8589
dynaq+,91,326
dynaq,92,6297
dynaq+,92,1607
dynaq,93,2117
dynaq+,93,3591
dynaq,94,9507
dynaq+,94,5897
dynaq,95,371
dynaq+,95,7835
dynaq,96,5552
dynaq+,96,1303
dynaq,97,6042
dynaq+,97,2856
dynaq,98,411
dynaq+,98,943
dynaq,99,724
dynaq+,99,1033
dynaq,100,3408
dynaq+,100,2063
dynaq,101,467
dynaq+,101,194
dynaq,102,2489
dynaq+,102,7421
dynaq,103,1117
dynaq+,103,6042
dynaq,104,1405
dynaq+,104,1302
dynaq,105,8677
dynaq+,105,7082
dynaq,106,9110
dynaq+,106,581
dynaq,107,2681
dynaq+,107,6709
dynaq,108,225
dynaq+,108,5616
dynaq,109,211
dynaq+,109,1976
dynaq,110,1192
dynaq+,110,100
dynaq,111,3329
dynaq+,111,223
dynaq,112,229
dynaq+,112,13778
dynaq,113,3477
dynaq+,113,5314
dynaq,114,4202
dynaq+,114,2986
dynaq,115,4398
dynaq+,115,902
dynaq,116,242
dynaq+,116,564
dynaq,117,1010
dynaq+,117,3592
dynaq,118,964
dynaq+,118,5634
dynaq,119,1092
dynaq+,119,7061
dynaq,120,5532
dynaq+,120,104
dynaq,121,2383
dynaq+,121,304
dynaq,122,698
dynaq+,122,4013
dynaq,123,5324
dynaq+,123,1380
dynaq,124,920
dynaq+,124,2138
dynaq,125,411
dynaq+,125,2684
dynaq,126,180
dynaq+,126,434
dynaq,127,3050
dynaq+,127,1161
dynaq,128,5790
dynaq+,128,1168
dynaq,129,551
dynaq+,129,14793
dynaq,130,654
dynaq+,130,1654
dynaq,131,390
dynaq+,131,639
dynaq,132,3142
dynaq+,132,211
dynaq,133,352
dynaq+,133,1484
dynaq,134,722
dynaq+,134,1109
dynaq,135,1616
dynaq+,135,97
dynaq,136,1535
dynaq+,136,20174
dynaq,137,727
dynaq+,137,7450
dynaq,138,5087
dynaq+,138,5975
dynaq,139,873
dynaq+,139,4398
dynaq,140,399
dynaq+,140,2979
dynaq,141,555
dynaq+,141,209
dynaq,142,569
dynaq+,142,423
dynaq,143,2482
dynaq+,143,145
dynaq,144,1742
dynaq+,144,1044
dynaq,145,544
dynaq+,145,955
dynaq,146,12513
dynaq+,146,322
dynaq,147,402
dynaq+,147,868
dynaq,148,3561
dynaq+,148,501
dynaq,149,288
dynaq+,149,3602
dynaq,150,738
dynaq+,150,303
dynaq,151,307
dynaq+,151,2527
dynaq,152,99
dynaq+,152,1928
dynaq,153,182
dynaq+,153,2292
dynaq,154,312
dynaq+,154,160
dynaq,155,297
dynaq+,155,2785
dynaq,156,4382
dynaq+,156,608
dynaq,157,627
dynaq+,157,1492
dynaq,158,2167
dynaq+,158,7923
dynaq,159,2221
dynaq+,159,178
dynaq,160,412
dynaq+,160,1155
dynaq,161,2214
dynaq+,161,3948
dynaq,162,11741
dynaq+,162,4478
dynaq,163,4752
dynaq+,163,221
dynaq,164,183
dynaq+,164,1149
dynaq,165,123
dynaq+,165,146
dynaq,166,589
dynaq+,166,5294
dynaq,167,300
dynaq+,167,4574
dynaq,168,25059
dynaq+,168,4278
dynaq,169,122
dynaq+,169,10861
dynaq,170,404
dynaq+,170,899
dynaq,171,2318
dynaq+,171,2027
dynaq,172,688
dynaq+,172,257
dynaq,173,166
dynaq+,173,259
dynaq,174,1124
dynaq+,174,1482
dynaq,175,833
dynaq+,175,745
dynaq,176,369
dynaq+,176,498
dynaq,177,4179
dynaq+,177,1214
dynaq,178,9559
dynaq+,178,2996
dynaq,179,718
dynaq+,179,9181
dynaq,180,12230
dynaq+,180,957
dynaq,181,2529
dynaq+,181,3278
dynaq,182,351
dynaq+,182,360
dynaq,183,3969
dynaq+,183,1195
dynaq,184,788
dynaq+,184,739
dynaq,185,93
dynaq+,185,5911
dynaq,186,329
dynaq+,186,380
dynaq,187,2783
dynaq+,187,1246
dynaq,188,449
dynaq+,188,6404
dynaq,189,113
dynaq+,189,3325
dynaq,190,2313
dynaq+,190,2182
dynaq,191,134
dynaq+,191,333
dynaq,192,6332
dynaq+,192,1866
dynaq,193,606
dynaq+,193,3584
dynaq,194,1318
dynaq+,194,1632
dynaq,195,365
dynaq+,195,1445
dynaq,196,505
dynaq+,196,311
dynaq,197,6782
dynaq+,197,102
dynaq,198,976
dynaq+,198,5258
dynaq,199,1699
dynaq+,199,385
dynaq,200,185
dynaq+,200,839
dynaq,201,961
dynaq+,201,428
dynaq,202,462
dynaq+,202,3512
dynaq,203,578
dynaq+,203,1490
dynaq,204,6822
dynaq+,204,523
dynaq,205,1482
dynaq+,205,783
dynaq,206,1412
dynaq+,206,331
dynaq,207,861
dynaq+,207,3562
dynaq,208,456
dynaq+,208,6649
dynaq,209,1404
dynaq+,209,2728
dynaq,210,651
dynaq+,210,1877
dynaq,211,2721
dynaq+,211,822
dynaq,212,2125
dynaq+,212,264
dynaq,213,5163
dynaq+,213,349
dynaq,214,234
dynaq+,214,234
dynaq,215,1360
dynaq+,215,2838
dynaq,216,403
dynaq+,216,2323
dynaq,217,2996
dynaq+,217,3058
dynaq,218,4964
dynaq+,218,643
dynaq,219,5658
dynaq+,219,334
dynaq,220,235
dynaq+,220,6880
dynaq,221,844
dynaq+,221,1840
dynaq,222,1391
dynaq+,222,228
dynaq,223,1775
dynaq+,223,270
dynaq,224,140
dynaq+,224,189
dynaq,225,978
dynaq+,225,2266
dynaq,226,609
dynaq+,226,442
dynaq,227,9931
dynaq+,227,1188
dynaq,228,1393
dynaq+,228,2858
dynaq,229,1185
dynaq+,229,397
dynaq,230,2225
dynaq+,230,145
dynaq,231,613
dynaq+,231,673
dynaq,232,5647
dynaq+,232,1865
dynaq,233,248
dynaq+,233,211
dynaq,234,497
dynaq+,234,484
dynaq,235,142
dynaq+,235,4166
dynaq,236,136
dynaq+,236,3711
dynaq,237,6655
dynaq+,237,1115
dynaq,238,142
dynaq+,238,1236
dynaq,239,414
dynaq+,239,8781
dynaq,240,231
dynaq+,240,365
dynaq,241,191
dynaq+,241,592
dynaq,242,256
dynaq+,242,150
dynaq,243,462
dynaq+,243,1399
dynaq,244,493
dynaq+,244,5749
dynaq,245,136
dynaq+,245,6808
dynaq,246,119
dynaq+,246,1814
dynaq,247,2132
dynaq+,247,4133
dynaq,248,746
dynaq+,248,1420
dynaq,249,113
dynaq+,249,640
dynaq,250,1732
dynaq+,250,201
dynaq,251,150
dynaq+,251,287
dynaq,252,1388
dynaq+,252,1350
dynaq,253,68
dynaq+,253,1335
dynaq,254,79
dynaq+,254,110
dynaq,255,400
dynaq+,255,3800
dynaq,256,68
dynaq+,256,3381
dynaq,257,1239
dynaq+,257,4305
dynaq,258,4204
dynaq+,258,672
dynaq,259,652
dynaq+,259,2982
dynaq,260,117
dynaq+,260,6109
dynaq,261,242
dynaq+,261,430
dynaq,262,117
dynaq+,262,136
dynaq,263,173
dynaq+,263,153
dynaq,264,102
dynaq+,264,205
dynaq,265,3394
dynaq+,265,258
dynaq,266,1506
dynaq+,266,141
dynaq,267,50
dynaq+,267,518
dynaq,268,168
dynaq+,268,3822
dynaq,269,3778
dynaq+,269,529
dynaq,270,150
dynaq+,270,325
dynaq,271,946
dynaq+,271,227
dynaq,272,3814
dynaq+,272,2973
dynaq,273,231
dynaq+,273,194
dynaq,274,9846
dynaq+,274,328
dynaq,275,465
dynaq+,275,176
dynaq,276,1663
dynaq+,276,172
dynaq,277,8697
dynaq+,277,3853
dynaq,278,64
dynaq+,278,106
dynaq,279,3307
dynaq+,279,337
dynaq,280,903
dynaq+,280,478
dynaq,281,147
dynaq+,281,1033
dynaq,282,1029
dynaq+,282,137
dynaq,283,295
dynaq+,283,5704
dynaq,284,2019
dynaq+,284,2673
dynaq,285,1375
dynaq+,285,759
dynaq,286,450
dynaq+,286,327
dynaq,287,1911
dynaq+,287,117
dynaq,288,88
dynaq+,288,160
dynaq,289,2287
dynaq+,289,135
dynaq,290,3510
dynaq+,290,2771
dynaq,291,2141
dynaq+,291,708
dynaq,292,10759
dynaq+,292,121
dynaq,293,178
dynaq+,293,4958
dynaq,294,87
dynaq+,294,209
dynaq,295,218
dynaq+,295,8288
dynaq,296,61
dynaq+,296,114
dynaq,297,63
dynaq+,297,213
dynaq,298,2429
dynaq+,298,267
dynaq,299,563
dynaq+,299,51
dynaq,300,9647
dynaq+,300,515
dynaq,301,304
dynaq+,301,167
dynaq,302,914
dynaq+,302,217
dynaq,303,106
dynaq+,303,973
dynaq,304,704
dynaq+,304,588
dynaq,305,133
dynaq+,305,2112
dynaq,306,6533
dynaq+,306,1311
dynaq,307,290
dynaq+,307,93
dynaq,308,86
dynaq+,308,221
dynaq,309,114
dynaq+,309,3583
dynaq,310,737
dynaq+,310,651
dynaq,311,98
dynaq+,311,279
dynaq,312,564
dynaq+,312,117
dynaq,313,136
dynaq+,313,200
dynaq,314,91
dynaq+,314,179
dynaq,315,772
dynaq+,315,436
dynaq,316,743
dynaq+,316,119
dynaq,317,86
dynaq+,317,89
dynaq,318,98
dynaq+,318,307
dynaq,319,191
dynaq+,319,1315
dynaq,320,68
dynaq+,320,192
dynaq,321,306
dynaq+,321,116
dynaq,322,1897
dynaq+,322,186
dynaq,323,120
dynaq+,323,1687
dynaq,324,65
dynaq+,324,1995
dynaq,325,53
dynaq+,325,273
dynaq,326,271
dynaq+,326,86
dynaq,327,488
dynaq+,327,189
dynaq,328,76
dynaq+,328,6385
dynaq,329,1532
dynaq+,329,142
dynaq,330,1354
dynaq+,330,537
dynaq,331,519
dynaq+,331,304
dynaq,332,557
dynaq+,332,152
dynaq,333,739
dynaq+,333,178
dynaq,334,58
dynaq+,334,627
dynaq,335,134
dynaq+,335,190
dynaq,336,76
dynaq+,336,261
dynaq,337,69
dynaq+,337,341
dynaq,338,221
dynaq+,338,15580
dynaq,339,885
dynaq+,339,153
dynaq,340,108
dynaq+,340,82
dynaq,341,61
dynaq+,341,338
dynaq,342,1270
dynaq+,342,1997
dynaq,343,280
dynaq+,343,127
dynaq,344,889
dynaq+,344,3352
dynaq,345,362
dynaq+,345,165
dynaq,346,2449
dynaq+,346,903
dynaq,347,583
dynaq+,347,205
dynaq,348,239
dynaq+,348,1388
dynaq,349,434
dynaq+,349,1058
dynaq,350,72
dynaq+,350,104
dynaq,351,372
dynaq+,351,4215
dynaq,352,174
dynaq+,352,4436
dynaq,353,876
dynaq+,353,371
dynaq,354,171
dynaq+,354,173
dynaq,355,1787
dynaq+,355,156
dynaq,356,2439
dynaq+,356,387
dynaq,357,144
dynaq+,357,2346
dynaq,358,97
dynaq+,358,494
dynaq,359,501
dynaq+,359,136
dynaq,360,63
dynaq+,360,156
dynaq,361,74
dynaq+,361,1867
dynaq,362,75
dynaq+,362,173
dynaq,363,142
dynaq+,363,269
dynaq,364,2553
dynaq+,364,211
dynaq,365,67
dynaq+,365,11000
dynaq,366,82
dynaq+,366,135
dynaq,367,125
dynaq+,367,560
dynaq,368,162
dynaq+,368,2897
dynaq,369,150
dynaq+,369,956
dynaq,370,135
dynaq+,370,180
dynaq,371,104
dynaq+,371,111
dynaq,372,115
dynaq+,372,609
dynaq,373,128
dynaq+,373,108
dynaq,374,75
dynaq+,374,118
dynaq,375,128
dynaq+,375,130
dynaq,376,318
dynaq+,376,6075
dynaq,377,82
dynaq+,377,3359
dynaq,378,10559
dynaq+,378,2692
dynaq,379,85
dynaq+,379,166
dynaq,380,2744
dynaq+,380,127
dynaq,381,67
dynaq+,381,678
dynaq,382,198
dynaq+,382,92
dynaq,383,76
dynaq+,383,1557
dynaq,384,267
dynaq+,384,1538
dynaq,385,52
dynaq+,385,101
dynaq,386,323
dynaq+,386,128
dynaq,387,132
dynaq+,387,5042
dynaq,388,7492
dynaq+,388,239
dynaq,389,263
dynaq+,389,151
dynaq,390,52
dynaq+,390,2776
dynaq,391,281
dynaq+,391,820
dynaq,392,46
dynaq+,392,119
dynaq,393,47
dynaq+,393,115
dynaq,394,452
dynaq+,394,129
dynaq,395,198
dynaq+,395,130
dynaq,396,1394
dynaq+,396,174
dynaq,397,94
dynaq+,397,55
dynaq,398,52
dynaq+,398,56
dynaq,399,100
dynaq+,399,105
dynaq,400,2764
dynaq+,400,156
dynaq,401,135
dynaq+,401,236
dynaq,402,135
dynaq+,402,109
dynaq,403,54
dynaq+,403,335
dynaq,404,55
dynaq+,404,369
dynaq,405,67
dynaq+,405,153
dynaq,406,231
dynaq+,406,5650
dynaq,407,122
dynaq+,407,9776
dynaq,408,763
dynaq+,408,2059
dynaq,409,77
dynaq+,409,71
dynaq,410,169
dynaq+,410,3692
dynaq,411,99
dynaq+,411,11173
dynaq,412,147
dynaq+,412,135
dynaq,413,1914
dynaq+,413,707
dynaq,414,827
dynaq+,414,180
dynaq,415,6192
dynaq+,415,65
dynaq,416,1499
dynaq+,416,413
dynaq,417,151
dynaq+,417,268
dynaq,418,192
dynaq+,418,17889
dynaq,419,598
dynaq+,419,1203
dynaq,420,283
dynaq+,420,149
dynaq,421,1739
dynaq+,421,390
dynaq,422,114
dynaq+,422,70
dynaq,423,73
dynaq+,423,83
dynaq,424,194
dynaq+,424,5884
dynaq,425,129
dynaq+,425,248
dynaq,426,85
dynaq+,426,114
dynaq,427,4178
dynaq+,427,5488
dynaq,428,2915
dynaq+,428,54
dynaq,429,48
dynaq+,429,725
dynaq,430,709
dynaq+,430,154
dynaq,431,6249
dynaq+,431,182
dynaq,432,336
dynaq+,432,92
dynaq,433,8946
dynaq+,433,120
dynaq,434,76
dynaq+,434,523
dynaq,435,203
dynaq+,435,97
dynaq,436,71
dynaq+,436,675
dynaq,437,51
dynaq+,437,166
dynaq,438,45
dynaq+,438,1136
dynaq,439,206
dynaq+,439,1035
dynaq,440,2485
dynaq+,440,2975
dynaq,441,765
dynaq+,441,9243
dynaq,442,76
dynaq+,442,46
dynaq,443,51
dynaq+,443,202
dynaq,444,5177
dynaq+,444,145
dynaq,445,59
dynaq+,445,1547
dynaq,446,60
dynaq+,446,79
dynaq,447,575
dynaq+,447,57
dynaq,448,8259
dynaq+,448,6296
dynaq,449,78
dynaq+,449,634
dynaq,450,194
dynaq+,450,79
dynaq,451,50
dynaq+,451,103
dynaq,452,877
dynaq+,452,1106
dynaq,453,60
dynaq+,453,139
dynaq,454,145
dynaq+,454,96
dynaq,455,90
dynaq+,455,11324
dynaq,456,96
dynaq+,456,46
dynaq,457,47
dynaq+,457,66
dynaq,458,675
dynaq+,458,50
dynaq,459,76
dynaq+,459,49
dynaq,460,98
dynaq+,460,3625
dynaq,461,2337
dynaq+,461,470
dynaq,462,64
dynaq+,462,85
dynaq,463,65
dynaq+,463,300
dynaq,464,83
dynaq+,464,936
dynaq,465,61
dynaq+,465,265
dynaq,466,43
dynaq+,466,728
dynaq,467,68
dynaq+,467,748
dynaq,468,4186
dynaq+,468,3717
dynaq,469,96
dynaq+,469,93
dynaq,470,161
dynaq+,470,82
dynaq,471,128
dynaq+,471,1191
dynaq,472,65
dynaq+,472,516
dynaq,473,296
dynaq+,473,61
dynaq,474,124
dynaq+,474,688
dynaq,475,50
dynaq+,475,59
dynaq,476,1399
dynaq+,476,47
dynaq,477,77
dynaq+,477,198
dynaq,478,56
dynaq+,478,3968
dynaq,479,58
dynaq+,479,92
dynaq,480,55
dynaq+,480,748
dynaq,481,48
dynaq+,481,3339
dynaq,482,127
dynaq+,482,106
dynaq,483,3605
dynaq+,483,87
dynaq,484,58
dynaq+,484,1670
dynaq,485,41
dynaq+,485,235
dynaq,486,1751
dynaq+,486,225
dynaq,487,67
dynaq+,487,791
dynaq,488,5338
dynaq+,488,971
dynaq,489,50
dynaq+,489,67
dynaq,490,117
dynaq+,490,995
dynaq,491,56
dynaq+,491,1193
dynaq,492,42
dynaq+,492,57
dynaq,493,254
dynaq+,493,399
dynaq,494,200
dynaq+,494,467
dynaq,495,82
dynaq+,495,1503
dynaq,496,84
dynaq+,496,58
dynaq,497,183
dynaq+,497,65
dynaq,498,224
dynaq+,498,870
dynaq,499,154
dynaq+,499,1146
dynaq,500,63
dynaq+,500,41
dynaq,501,65
dynaq+,501,409
dynaq,502,97
dynaq+,502,167
dynaq,503,3146
dynaq+,503,982
dynaq,504,91
dynaq+,504,598
dynaq,505,52
dynaq+,505,61
dynaq,506,43
dynaq+,506,2305
dynaq,507,45
dynaq+,507,147
dynaq,508,74
dynaq+,508,318
dynaq,509,138
dynaq+,509,195
dynaq,510,39
dynaq+,510,59
dynaq,511,37
dynaq+,511,4861
dynaq,512,180
dynaq+,512,48
dynaq,513,61
dynaq+,513,733
dynaq,514,59
dynaq+,514,113
dynaq,515,73
dynaq+,515,890
dynaq,516,360
dynaq+,516,220
dynaq,517,40
dynaq+,517,69
dynaq,518,163
dynaq+,518,56
dynaq,519,9032
dynaq+,519,83
dynaq,520,953
dynaq+,520,52
dynaq,521,1676
dynaq+,521,883
dynaq,522,124
dynaq+,522,50
dynaq,523,152
dynaq+,523,2930
dynaq,524,161
dynaq+,524,758
dynaq,525,2415
dynaq+,525,53
dynaq,526,44
dynaq+,526,207
dynaq,527,56
dynaq+,527,1671
dynaq,528,44
dynaq+,528,290
dynaq,529,346
dynaq+,529,90
dynaq,530,1558
dynaq+,530,67
dynaq,531,352
dynaq+,531,178
dynaq,532,1121
dynaq+,532,4934
dynaq,533,17798
dynaq+,533,5405
dynaq,534,120
dynaq+,534,606
dynaq,535,3163
dynaq+,535,10120
dynaq,536,1459
dynaq+,536,142
dynaq,537,63
dynaq+,537,12005
dynaq,538,100
dynaq+,538,160
dynaq,539,48
dynaq+,539,93
dynaq,540,41
dynaq+,540,56
dynaq,541,60
dynaq+,541,56
dynaq,542,101
dynaq+,542,2733
dynaq,543,71
dynaq+,543,40
dynaq,544,47
dynaq+,544,285
dynaq,545,60
dynaq+,545,114
dynaq,546,66
dynaq+,546,46
dynaq,547,45
dynaq+,547,38
dynaq,548,78
dynaq+,548,343
dynaq,549,96
dynaq+,549,51
dynaq,550,43
dynaq+,550,195
dynaq,551,53
dynaq+,551,76
dynaq,552,53
dynaq+,552,63
dynaq,553,99
dynaq+,553,61
dynaq,554,833
dynaq+,554,57
dynaq,555,110
dynaq+,555,75
dynaq,556,190
dynaq+,556,191
dynaq,557,94
dynaq+,557,378
dynaq,558,6985
dynaq+,558,44
dynaq,559,919
dynaq+,559,64
dynaq,560,189
dynaq+,560,81
dynaq,561,84
dynaq+,561,52
dynaq,562,351
dynaq+,562,2247
dynaq,563,166
dynaq+,563,70
dynaq,564,10497
dynaq+,564,196
dynaq,565,386
dynaq+,565,2617
dynaq,566,4104
dynaq+,566,195
dynaq,567,296
dynaq+,567,101
dynaq,568,105
dynaq+,568,161
dynaq,569,43
dynaq+,569,88
dynaq,570,77
dynaq+,570,85
dynaq,571,95
dynaq+,571,140
dynaq,572,112
dynaq+,572,107
dynaq,573,98
dynaq+,573,48
dynaq,574,119
dynaq+,574,151
dynaq,575,38
dynaq+,575,273
dynaq,576,49
dynaq+,576,302
dynaq,577,759
dynaq+,577,106
dynaq,578,41
dynaq+,578,1346
dynaq,579,46
dynaq+,579,86
dynaq,580,37
dynaq+,580,140
dynaq,581,44
dynaq+,581,155
dynaq,582,1733
dynaq+,582,46
dynaq,583,66
dynaq+,583,58
dynaq,584,65
dynaq+,584,436
dynaq,585,42
dynaq+,585,59
dynaq,586,4716
dynaq+,586,629
dynaq,587,38
dynaq+,587,61
dynaq,588,42
dynaq+,588,146
dynaq,589,55
dynaq+,589,341
dynaq,590,4212
dynaq+,590,54
dynaq,591,49
dynaq+,591,66
dynaq,592,47
dynaq+,592,59
dynaq,593,40
dynaq+,593,69
dynaq,594,4580
dynaq+,594,649
dynaq,595,49
dynaq+,595,47
dynaq,596,1093
dynaq+,596,94
dynaq,597,81
dynaq+,597,62
dynaq,598,101
dynaq+,598,58
dynaq,599,1024
dynaq+,599,86
dynaq,600,65
dynaq+,600,2170
dynaq,601,127
dynaq+,601,75
dynaq,602,49
dynaq+,602,86
dynaq,603,4882
dynaq+,603,47
dynaq,604,4292
dynaq+,604,101
dynaq,605,52
dynaq+,605,101
dynaq,606,70
dynaq+,606,256
dynaq,607,88
dynaq+,607,53
dynaq,608,74
dynaq+,608,280
dynaq,609,47
dynaq+,609,49
dynaq,610,491
dynaq+,610,176
dynaq,611,570
dynaq+,611,820
dynaq,612,50
dynaq+,612,2969
dynaq,613,495
dynaq+,613,95
dynaq,614,46
dynaq+,614,43
dynaq,615,60
dynaq+,615,977
dynaq,616,44
dynaq+,616,56
dynaq,617,53
dynaq+,617,91
dynaq,618,41
dynaq+,618,44
dynaq,619,53
dynaq+,619,38
dynaq,620,749
dynaq+,620,4757
dynaq,621,68
dynaq+,621,164
dynaq,622,42
dynaq+,622,43
dynaq,623,51
dynaq+,623,97
dynaq,624,41
dynaq+,624,39
dynaq,625,47
dynaq+,625,271
dynaq,626,53
dynaq+,626,2426
dynaq,627,40
dynaq+,627,76
dynaq,628,42
dynaq+,628,415
dynaq,629,87
dynaq+,629,62
dynaq,630,39
dynaq+,630,58
dynaq,631,50
dynaq+,631,106
dynaq,632,49
dynaq+,632,97
dynaq,633,45
dynaq+,633,238
dynaq,634,57
dynaq+,634,77
dynaq,635,59
dynaq+,635,99
dynaq,636,93
dynaq+,636,248
dynaq,637,98
dynaq+,637,44
dynaq,638,56
dynaq+,638,41
dynaq,639,44
dynaq+,639,41
dynaq,640,51
dynaq+,640,79
dynaq,641,51
dynaq+,641,403
dynaq,642,48
dynaq+,642,60
dynaq,643,114
dynaq+,643,46
dynaq,644,44
dynaq+,644,131
dynaq,645,50
dynaq+,645,308
dynaq,646,47
dynaq+,646,210
dynaq,647,89
dynaq+,647,47
dynaq,648,94
dynaq+,648,98
dynaq,649,45
dynaq+,649,45
dynaq,650,98
dynaq+,650,149
dynaq,651,98
dynaq+,651,53
dynaq,652,172
dynaq+,652,149
dynaq,653,52
dynaq+,653,82
dynaq,654,79
dynaq+,654,125
dynaq,655,46
dynaq+,655,6347
dynaq,656,161
dynaq+,656,68
dynaq,657,112
dynaq+,657,1273
dynaq,658,409
dynaq+,658,41
dynaq,659,8063
dynaq+,659,1072
dynaq,660,108
dynaq+,660,52
dynaq,661,207
dynaq+,661,47
dynaq,662,169
dynaq+,662,79
dynaq,663,47
dynaq+,663,56
dynaq,664,45
dynaq+,664,105
dynaq,665,2883
dynaq+,665,136
dynaq,666,44
dynaq+,666,55
dynaq,667,44
dynaq+,667,44
dynaq,668,41
dynaq+,668,47
dynaq,669,51
dynaq+,669,92
dynaq,670,47
dynaq+,670,85
dynaq,671,39
dynaq+,671,67
dynaq,672,42
dynaq+,672,38
dynaq,673,57
dynaq+,673,56
dynaq,674,45
dynaq+,674,64
dynaq,675,38
dynaq+,675,1324
dynaq,676,48
dynaq+,676,56
dynaq,677,41
dynaq+,677,42
dynaq,678,47
dynaq+,678,104
dynaq,679,82
dynaq+,679,49
dynaq,680,61
dynaq+,680,38
dynaq,681,107
dynaq+,681,1589
dynaq,682,39
dynaq+,682,56
dynaq,683,39
dynaq+,683,81
dynaq,684,49
dynaq+,684,126
dynaq,685,44
dynaq+,685,41
dynaq,686,40
dynaq+,686,75
dynaq,687,43
dynaq+,687,1977
dynaq,688,65
dynaq+,688,4913
dynaq,689,39
dynaq+,689,48
dynaq,690,38
dynaq+,690,2069
dynaq,691,38
dynaq+,691,37
dynaq,692,38
dynaq+,692,41
dynaq,693,40
dynaq+,693,162
dynaq,694,38
dynaq+,694,150
dynaq,695,38
dynaq+,695,5580
dynaq,696,37
dynaq+,696,802
dynaq,697,49
dynaq+,697,81
dynaq,698,56
dynaq+,698,38
dynaq,699,45
dynaq+,699,10689
dynaq,700,86
dynaq+,700,39
dynaq,701,48
dynaq+,701,39
dynaq,702,42
dynaq+,702,2439
dynaq,703,38
dynaq+,703,504
dynaq,704,140
dynaq+,704,41
dynaq,705,42
dynaq+,705,52
dynaq,706,37
dynaq+,706,44
dynaq,707,41
dynaq+,707,38
dynaq,708,54
dynaq+,708,68
dynaq,709,127
dynaq+,709,98
dynaq,710,40
dynaq+,710,506
dynaq,711,44
dynaq+,711,47
dynaq,712,91
dynaq+,712,51
dynaq,713,45
dynaq+,713,43
dynaq,714,48
dynaq+,714,38
dynaq,715,38
dynaq+,715,59
dynaq,716,41
dynaq+,716,39
dynaq,717,311
dynaq+,717,65
dynaq,718,45
dynaq+,718,42
dynaq,719,40
dynaq+,719,147
dynaq,720,50
dynaq+,720,1763
dynaq,721,37
dynaq+,721,41
dynaq,722,42
dynaq+,722,79
dynaq,723,38
dynaq+,723,174
dynaq,724,41
dynaq+,724,1622
dynaq,725,143
dynaq+,725,123
dynaq,726,43
dynaq+,726,1397
dynaq,727,37
dynaq+,727,67
dynaq,728,53
dynaq+,728,38
dynaq,729,41
dynaq+,729,49
dynaq,730,39
dynaq+,730,48
dynaq,731,43
dynaq+,731,67
dynaq,732,37
dynaq+,732,64
dynaq,733,42
dynaq+,733,44
dynaq,734,40
dynaq+,734,44
dynaq,735,39
dynaq+,735,40
dynaq,736,118
dynaq+,736,59
dynaq,737,38
dynaq+,737,47
dynaq,738,37
dynaq+,738,43
dynaq,739,59
dynaq+,739,42
dynaq,740,41
dynaq+,740,55
dynaq,741,45
dynaq+,741,42
dynaq,742,39
dynaq+,742,45
dynaq,743,47
dynaq+,743,69
dynaq,744,38
dynaq+,744,54
dynaq,745,37
dynaq+,745,40
dynaq,746,329
dynaq+,746,46
dynaq,747,69
dynaq+,747,1966
dynaq,748,42
dynaq+,748,40
dynaq,749,47
dynaq+,749,53
dynaq,750,115
dynaq+,750,43
dynaq,751,84
dynaq+,751,39
dynaq,752,46
dynaq+,752,44
dynaq,753,175
dynaq+,753,41
dynaq,754,43
dynaq+,754,49
dynaq,755,42
dynaq+,755,39
dynaq,756,39
dynaq+,756,42
dynaq,757,39
dynaq+,757,44
dynaq,758,39
dynaq+,758,47
dynaq,759,40
dynaq+,759,43
dynaq,760,44
dynaq+,760,7606
dynaq,761,52
dynaq+,761,39
dynaq,762,42
dynaq+,762,44
dynaq,763,46
dynaq+,763,39
dynaq,764,1323
dynaq+,764,44
dynaq,765,38
dynaq+,765,47
dynaq,766,42
dynaq+,766,40
dynaq,767,41
dynaq+,767,39
dynaq,768,43
dynaq+,768,40
dynaq,769,41
dynaq+,769,48
dynaq,770,38
dynaq+,770,38
dynaq,771,40
dynaq+,771,44
dynaq,772,40
dynaq+,772,37
dynaq,773,46
dynaq+,773,40
dynaq,774,39
dynaq+,774,43
dynaq,775,39
dynaq+,775,47
dynaq,776,41
dynaq+,776,44
dynaq,777,38
dynaq+,777,42
dynaq,778,38
dynaq+,778,38
dynaq,779,62
dynaq+,779,39
dynaq,780,41
dynaq+,780,41
dynaq,781,39
dynaq+,781,108
dynaq,782,39
dynaq+,782,4983
dynaq,783,45
dynaq+,783,266
dynaq,784,37
dynaq+,784,43
dynaq,785,39
dynaq+,785,39
dynaq,786,43
dynaq+,786,42
dynaq,787,41
dynaq+,787,42
dynaq,788,71
dynaq+,788,47
dynaq,789,42
dynaq+,789,101
dynaq,790,41
dynaq+,790,125
dynaq,791,50
dynaq+,791,1516
dynaq,792,39
dynaq+,792,44
dynaq,793,40
dynaq+,793,46
dynaq,794,54
dynaq+,794,70
dynaq,795,46
dynaq+,795,37
dynaq,796,45
dynaq+,796,65
dynaq,797,40
dynaq+,797,50
dynaq,798,45
dynaq+,798,41
dynaq,799,39
dynaq+,799,69
dynaq,800,37
dynaq+,800,40
dynaq,801,42
dynaq+,801,44
dynaq,802,41
dynaq+,802,39
dynaq,803,45
dynaq+,803,44
dynaq,804,39
dynaq+,804,45
dynaq,805,38
dynaq+,805,47
dynaq,806,40
dynaq+,806,44
dynaq,807,49
dynaq+,807,42
dynaq,808,38
dynaq+,808,41
dynaq,809,37
dynaq+,809,78
dynaq,810,52
dynaq+,810,38
dynaq,811,42
dynaq+,811,41
dynaq,812,40
dynaq+,812,38
dynaq,813,38
dynaq+,813,44
dynaq,814,38
dynaq+,814,39
dynaq,815,52
dynaq+,815,39
dynaq,816,40
dynaq+,816,42
dynaq,817,60
dynaq+,817,41
dynaq,818,44
dynaq+,818,581
dynaq,819,37
dynaq+,819,111
dynaq,820,38
dynaq+,820,45
dynaq,821,40
dynaq+,821,42
dynaq,822,39
dynaq+,822,44
dynaq,823,46
dynaq+,823,40
dynaq,824,47
dynaq+,824,37
dynaq,825,51
dynaq+,825,42
dynaq,826,38
dynaq+,826,41
dynaq,827,40
dynaq+,827,38
dynaq,828,44
dynaq+,828,41
dynaq,829,41
dynaq+,829,45
dynaq,830,42
dynaq+,830,40
dynaq,831,45
dynaq+,831,41
dynaq,832,42
dynaq+,832,44
dynaq,833,40
dynaq+,833,43
dynaq,834,54
dynaq+,834,43
dynaq,835,39
dynaq+,835,37
dynaq,836,39
dynaq+,836,44
dynaq,837,45
dynaq+,837,44
dynaq,838,48
dynaq+,838,44
dynaq,839,42
dynaq+,839,43
dynaq,840,42
dynaq+,840,43
dynaq,841,43
dynaq+,841,42
dynaq,842,44
dynaq+,842,39
dynaq,843,39
dynaq+,843,40
dynaq,844,40
dynaq+,844,41
dynaq,845,39
dynaq+,845,42
dynaq,846,43
dynaq+,846,40
dynaq,847,48
dynaq+,847,80
dynaq,848,44
dynaq+,848,44
dynaq,849,40
dynaq+,849,37
dynaq,850,44
dynaq+,850,44
dynaq,851,39
dynaq+,851,39
dynaq,852,47
dynaq+,852,45
dynaq,853,86
dynaq+,853,44
dynaq,854,42
dynaq+,854,41
dynaq,855,40
dynaq+,855,45
dynaq,856,42
dynaq+,856,38
dynaq,857,53
dynaq+,857,41
dynaq,858,49
dynaq+,858,44
dynaq,859,45
dynaq+,859,116
dynaq,860,38
dynaq+,860,40
dynaq,861,38
dynaq+,861,44
dynaq,862,39
dynaq+,862,91
dynaq,863,39
dynaq+,863,46
dynaq,864,40
dynaq+,864,37
dynaq,865,41
dynaq+,865,41
dynaq,866,40
dynaq+,866,40
dynaq,867,49
dynaq+,867,39
dynaq,868,62
dynaq+,868,40
dynaq,869,39
dynaq+,869,4312
dynaq,870,45
dynaq+,870,77
dynaq,871,7914
dynaq+,871,41
dynaq,872,41
dynaq+,872,42
dynaq,873,38
dynaq+,873,42
dynaq,874,44
dynaq+,874,50
dynaq,875,39
dynaq+,875,43
dynaq,876,45
dynaq+,876,110
dynaq,877,40
dynaq+,877,54
dynaq,878,42
dynaq+,878,44
dynaq,879,43
dynaq+,879,40
dynaq,880,41
dynaq+,880,37
dynaq,881,41
dynaq+,881,48
dynaq,882,40
dynaq+,882,94
dynaq,883,51
dynaq+,883,39
dynaq,884,40
dynaq+,884,44
dynaq,885,42
dynaq+,885,44
dynaq,886,42
dynaq+,886,40
dynaq,887,43
dynaq+,887,39
dynaq,888,44
dynaq+,888,40
dynaq,889,44
dynaq+,889,38
dynaq,890,39
dynaq+,890,37
dynaq,891,40
dynaq+,891,42
dynaq,892,60
dynaq+,892,52
dynaq,893,83
dynaq+,893,46
dynaq,894,44
dynaq+,894,135
dynaq,895,45
dynaq+,895,38
dynaq,896,39
dynaq+,896,41
dynaq,897,41
dynaq+,897,37
dynaq,898,39
dynaq+,898,42
dynaq,899,42
dynaq+,899,37
dynaq,900,40
dynaq+,900,48
dynaq,901,40
dynaq+,901,54
dynaq,902,22211
dynaq+,902,39
dynaq,903,40
dynaq+,903,46
dynaq,904,43
dynaq+,904,154
dynaq,905,43
dynaq+,905,39
dynaq,906,41
dynaq+,906,45
dynaq,907,46
dynaq+,907,38
dynaq,908,44
dynaq+,908,41
dynaq,909,45
dynaq+,909,39
dynaq,910,42
dynaq+,910,39
dynaq,911,40
dynaq+,911,41
dynaq,912,43
dynaq+,912,41
dynaq,913,43
dynaq+,913,3897
dynaq,914,108
dynaq+,914,62
dynaq,915,43
dynaq+,915,41
dynaq,916,37
dynaq+,916,41
dynaq,917,43
dynaq+,917,67
dynaq,918,41
dynaq+,918,40
dynaq,919,40
dynaq+,919,42
dynaq,920,40
dynaq+,920,40
dynaq,921,114
dynaq+,921,208
dynaq,922,42
dynaq+,922,40
dynaq,923,48
dynaq+,923,45
dynaq,924,40
dynaq+,924,42
dynaq,925,42
dynaq+,925,170
dynaq,926,44
dynaq+,926,38
dynaq,927,38
dynaq+,927,84
dynaq,928,44
dynaq+,928,46
dynaq,929,43
dynaq+,929,41
dynaq,930,40
dynaq+,930,38
dynaq,931,42
dynaq+,931,41
dynaq,932,39
dynaq+,932,40
dynaq,933,38
dynaq+,933,39
dynaq,934,41
dynaq+,934,37
dynaq,935,38
dynaq+,935,48
dynaq,936,45
dynaq+,936,40
dynaq,937,39
dynaq+,937,1752
dynaq,938,43
dynaq+,938,45
dynaq,939,44
dynaq+,939,44
dynaq,940,47
dynaq+,940,44
dynaq,941,53
dynaq+,941,42
dynaq,942,41
dynaq+,942,39
dynaq,943,41
dynaq+,943,40
dynaq,944,38
dynaq+,944,40
dynaq,945,37
dynaq+,945,47
dynaq,946,42
dynaq+,946,55
dynaq,947,46
dynaq+,947,104
dynaq,948,39
dynaq+,948,38
dynaq,949,44
dynaq+,949,44
dynaq,950,40
dynaq+,950,38
dynaq,951,44
dynaq+,951,48
dynaq,952,39
dynaq+,952,46
dynaq,953,47
dynaq+,953,42
dynaq,954,41
dynaq+,954,45
dynaq,955,38
dynaq+,955,44
dynaq,956,40
dynaq+,956,44
dynaq,957,37
dynaq+,957,99
dynaq,958,41
dynaq+,958,94
dynaq,959,39
dynaq+,959,39
dynaq,960,46
dynaq+,960,52
dynaq,961,40
dynaq+,961,38
dynaq,962,52
dynaq+,962,43
dynaq,963,37
dynaq+,963,42
dynaq,964,43
dynaq+,964,47
dynaq,965,42
dynaq+,965,37
dynaq,966,39
dynaq+,966,51
dynaq,967,40
dynaq+,967,37
dynaq,968,46
dynaq+,968,47
dynaq,969,39
dynaq+,969,87
dynaq,970,42
dynaq+,970,53
dynaq,971,45
dynaq+,971,43
dynaq,972,42
dynaq+,972,42
dynaq,973,42
dynaq+,973,3740
dynaq,974,40
dynaq+,974,45
dynaq,975,40
dynaq+,975,40
dynaq,976,39
dynaq+,976,39
dynaq,977,42
dynaq+,977,45
dynaq,978,39
dynaq+,978,40
dynaq,979,78
dynaq+,979,42
dynaq,980,38
dynaq+,980,50
dynaq,981,45
dynaq+,981,46
dynaq,982,40
dynaq+,982,67
dynaq,983,41
dynaq+,983,40
dynaq,984,39
dynaq+,984,40
dynaq,985,45
dynaq+,985,41
dynaq,986,39
dynaq+,986,41
dynaq,987,85
dynaq+,987,42
dynaq,988,42
dynaq+,988,37
dynaq,989,38
dynaq+,989,37
dynaq,990,41
dynaq+,990,41
dynaq,991,37
dynaq+,991,219
dynaq,992,37
dynaq+,992,40
dynaq,993,39
dynaq+,993,38
dynaq,994,49
dynaq+,994,1993
dynaq,995,499
dynaq+,995,501
dynaq,996,38
dynaq+,996,86
dynaq,997,37
dynaq+,997,1315
dynaq,998,39
dynaq+,998,43
dynaq,999,45
dynaq+,999,37
